club id,accurate launches,att lf goal,failed cross nocorner,total draws,ground duel won,att pen goal,blocked scoring att,attempts conceded ibox,interception,aerial lost,failed back zone pass,hand ball,attempts conceded obox,failed launches,accurate layoffs,open play pass,total matches,away wins,fk foul lost,accurate long balls,goals,total clearance,total wins,accurate fwd zone pass per,att obox goal,failed layoffs,accurate goal kicks,att pen miss,away draws,successful open play pass,accurate back zone pass,att freekick goal,other goals,accurate shooting per,away matches,home draws,accurate cross,failed corner intobox,total att assist,duel,good claim,att setpiece,att hd goal,away losses,total losses,post scoring att,total red card,last man tackle,corner taken,accurate pass,ground duel,accurate corners intobox,shots conc onfield,lost tackle,penalty won,accurate fwd zone pass,goals conceded,won tackle,won corners,pen goals conceded,goal conversion per,club abbreviation,ontarget scoring att,yellow card,aerial won,poss lost all,ball recovery,penalty conceded,failed fwd zone pass,home losses,possession percentage,goals conceded ibox,failed cross,aerial duel,tackle success per,own goals,ground duel lost,accurate throws,own goals accrued,penalty save,accurate pass per,accurate cross per,games played,total pass,att ibox goal,failed throws,inaccurate goal kicks,home matches,red card,successful dribble,successfull short pass,fk foul won,failed long balls,goal assist,drops,accurate cross nocorner,total pass miss,home wins,goals conceded obox,outfielder block,saves,successfull dribble,duel lost,second yellow,att rf goal,total scoring att,att pen taken,failed short pass,successful short pass,clean sheet,duel won,failed dribble,total offside,clearance off line,points,season,goal_weighted_score,attack_weighted_score,defense_weighted_score,possession_weighted_score
5,148.0,12.0,345.0,8.0,1307.0,4.0,106.0,97.0,531.0,496.0,746.0,25.0,39.0,485.0,205.0,12674.0,34.0,5.0,437.0,750.0,55.0,694.0,15.0,70.0,5.0,32.0,316.0,0.0,4.0,9013.0,4774.0,0.0,0.0,36.0,17.0,4.0,169.0,94.0,289.0,3798.0,27.0,19.0,9.0,7.0,10.0,9.0,4.0,2.0,184.0,11112.0,2570.0,56.0,399.0,208.0,5.0,6055.0,44.0,487.0,184.0,3.0,13.0,0.0,158.0,59.0,519.0,5369.0,2241.0,6.0,3095.0,3.0,53.0,38.0,460.0,1015.0,70.0,1.0,1251.0,623.0,2.0,1.0,76.0,24.0,34.0,14699.0,49.0,172.0,129.0,17.0,1.0,224.0,10326.0,387.0,1107.0,57.0,3.0,103.0,3411.0,10.0,4.0,91.0,101.0,224.0,1833.0,2.0,31.0,448.0,5.0,2221.0,10326.0,9.0,1891.0,229.0,78.0,3.0,53.0,2016.0,0.28,0.24,0.23,0.36
6,188.0,16.0,321.0,8.0,1217.0,4.0,118.0,91.0,507.0,458.0,633.0,21.0,39.0,478.0,243.0,14043.0,34.0,4.0,420.0,1210.0,48.0,581.0,13.0,71.0,7.0,21.0,306.0,0.0,5.0,11280.0,5837.0,1.0,0.0,34.0,17.0,4.0,160.0,86.0,316.0,3344.0,11.0,20.0,6.0,8.0,11.0,11.0,4.0,2.0,180.0,11915.0,2385.0,57.0,351.0,173.0,5.0,6251.0,41.0,446.0,180.0,3.0,10.0,0.0,159.0,60.0,452.0,4891.0,1991.0,5.0,2875.0,4.0,53.0,32.0,468.0,959.0,73.0,1.0,1213.0,628.0,1.0,1.0,79.0,26.0,34.0,14884.0,40.0,164.0,103.0,17.0,3.0,229.0,10617.0,394.0,941.0,43.0,2.0,92.0,2984.0,9.0,5.0,75.0,91.0,229.0,1650.0,1.0,22.0,488.0,5.0,1874.0,10617.0,10.0,1626.0,256.0,54.0,2.0,49.0,2016.0,0.24,0.31,0.16,0.48
7,158.0,11.0,335.0,9.0,1109.0,3.0,97.0,109.0,418.0,466.0,693.0,25.0,51.0,488.0,235.0,12244.0,34.0,3.0,422.0,1085.0,43.0,691.0,11.0,69.0,7.0,23.0,334.0,0.0,4.0,9761.0,5684.0,1.0,0.0,34.0,17.0,5.0,150.0,101.0,304.0,3247.0,18.0,16.0,7.0,11.0,16.0,11.0,5.0,1.0,154.0,10606.0,2262.0,49.0,419.0,169.0,4.0,5076.0,51.0,413.0,154.0,5.0,9.0,0.0,141.0,74.0,470.0,4867.0,1833.0,7.0,2750.0,6.0,49.0,43.0,472.0,952.0,70.0,1.0,1158.0,610.0,0.0,0.0,78.0,24.0,34.0,13365.0,34.0,158.0,144.0,17.0,2.0,210.0,9462.0,367.0,1116.0,37.0,2.0,83.0,3006.0,8.0,7.0,106.0,104.0,210.0,1676.0,2.0,18.0,435.0,4.0,1904.0,9462.0,9.0,1571.0,194.0,69.0,4.0,37.0,2016.0,-0.22,0.19,0.18,0.31
8,136.0,9.0,332.0,8.0,1150.0,6.0,102.0,111.0,480.0,441.0,715.0,24.0,43.0,370.0,248.0,14481.0,34.0,4.0,398.0,1070.0,46.0,616.0,14.0,75.0,8.0,24.0,370.0,0.0,4.0,12085.0,6419.0,1.0,0.0,32.0,17.0,4.0,164.0,95.0,319.0,3081.0,25.0,20.0,7.0,9.0,12.0,12.0,2.0,2.0,179.0,12721.0,2275.0,54.0,433.0,146.0,7.0,6575.0,46.0,393.0,179.0,4.0,10.0,0.0,151.0,56.0,438.0,4661.0,2028.0,5.0,2614.0,3.0,52.0,39.0,442.0,886.0,72.0,1.0,1126.0,635.0,1.0,1.0,81.0,25.0,34.0,15331.0,39.0,114.0,103.0,17.0,1.0,233.0,11565.0,362.0,885.0,47.0,2.0,110.0,2897.0,9.0,8.0,92.0,105.0,233.0,1546.0,0.0,33.0,464.0,7.0,1939.0,11565.0,8.0,1548.0,210.0,82.0,2.0,51.0,2016.0,0.02,0.27,0.2,0.6
9,179.0,10.0,353.0,9.0,1199.0,3.0,97.0,112.0,455.0,450.0,635.0,19.0,46.0,565.0,239.0,12440.0,34.0,3.0,428.0,1036.0,49.0,688.0,11.0,70.0,7.0,34.0,343.0,0.0,5.0,9597.0,4253.0,1.0,0.0,36.0,17.0,4.0,140.0,86.0,300.0,3294.0,25.0,18.0,7.0,9.0,13.0,12.0,4.0,1.0,160.0,10175.0,2486.0,41.0,444.0,186.0,5.0,6016.0,50.0,410.0,160.0,4.0,10.0,0.0,158.0,55.0,406.0,5150.0,2020.0,5.0,2970.0,4.0,48.0,44.0,471.0,845.0,68.0,1.0,1253.0,602.0,1.0,1.0,76.0,23.0,34.0,13384.0,42.0,209.0,148.0,17.0,2.0,262.0,9176.0,400.0,1083.0,49.0,3.0,91.0,3169.0,8.0,7.0,104.0,115.0,262.0,1717.0,1.0,28.0,437.0,5.0,1966.0,9176.0,8.0,1642.0,248.0,59.0,4.0,45.0,2016.0,-0.05,0.23,0.24,0.27
10,261.0,12.0,362.0,9.0,1284.0,3.0,114.0,109.0,513.0,425.0,705.0,22.0,52.0,598.0,242.0,12988.0,34.0,3.0,411.0,1137.0,40.0,693.0,10.0,71.0,6.0,25.0,310.0,0.0,4.0,10300.0,5395.0,0.0,0.0,32.0,17.0,6.0,157.0,101.0,300.0,3300.0,28.0,14.0,7.0,10.0,13.0,11.0,5.0,1.0,185.0,10925.0,2531.0,48.0,450.0,167.0,5.0,5938.0,45.0,440.0,185.0,4.0,8.0,0.0,146.0,59.0,371.0,4800.0,2060.0,5.0,2879.0,3.0,49.0,38.0,481.0,787.0,72.0,1.0,1215.0,596.0,1.0,1.0,78.0,24.0,34.0,14053.0,37.0,143.0,143.0,17.0,3.0,265.0,9762.0,410.0,994.0,41.0,3.0,103.0,3001.0,8.0,7.0,108.0,109.0,265.0,1639.0,1.0,22.0,439.0,5.0,1792.0,9762.0,7.0,1678.0,241.0,69.0,3.0,44.0,2016.0,-0.07,0.22,0.25,0.36
11,143.0,13.0,312.0,9.0,1198.0,3.0,104.0,109.0,546.0,445.0,707.0,20.0,49.0,450.0,242.0,12642.0,34.0,3.0,412.0,1002.0,46.0,692.0,10.0,71.0,6.0,26.0,316.0,0.0,4.0,9902.0,5255.0,1.0,0.0,35.0,17.0,5.0,131.0,92.0,288.0,3272.0,22.0,17.0,7.0,9.0,13.0,11.0,3.0,2.0,160.0,10549.0,2381.0,40.0,443.0,151.0,5.0,5462.0,51.0,414.0,160.0,4.0,10.0,0.0,163.0,62.0,453.0,4855.0,2087.0,4.0,2655.0,3.0,47.0,43.0,436.0,888.0,74.0,2.0,1178.0,596.0,2.0,0.0,79.0,24.0,34.0,13588.0,39.0,144.0,139.0,17.0,2.0,253.0,9441.0,386.0,1108.0,40.0,5.0,93.0,2927.0,6.0,6.0,99.0,101.0,253.0,1652.0,1.0,23.0,429.0,5.0,1816.0,9441.0,8.0,1627.0,224.0,75.0,4.0,40.0,2016.0,-0.15,0.23,0.24,0.31
12,167.0,13.0,365.0,9.0,1130.0,5.0,99.0,107.0,456.0,401.0,637.0,23.0,46.0,468.0,314.0,13877.0,34.0,5.0,396.0,1070.0,56.0,748.0,14.0,72.0,7.0,31.0,299.0,0.0,5.0,11140.0,5737.0,1.0,0.0,36.0,17.0,4.0,164.0,101.0,312.0,3233.0,25.0,22.0,9.0,7.0,12.0,12.0,3.0,2.0,176.0,11702.0,2245.0,49.0,439.0,159.0,6.0,6331.0,47.0,419.0,176.0,3.0,12.0,0.0,167.0,54.0,417.0,4642.0,1951.0,4.0,2844.0,5.0,51.0,41.0,484.0,817.0,72.0,1.0,1129.0,563.0,1.0,1.0,79.0,25.0,34.0,14693.0,47.0,129.0,143.0,17.0,2.0,204.0,10616.0,371.0,928.0,59.0,2.0,108.0,2991.0,10.0,6.0,100.0,101.0,204.0,1608.0,1.0,31.0,469.0,6.0,1877.0,10616.0,8.0,1558.0,211.0,56.0,3.0,51.0,2016.0,0.2,0.3,0.21,0.47
13,159.0,13.0,309.0,8.0,1174.0,3.0,98.0,112.0,443.0,502.0,675.0,23.0,52.0,484.0,234.0,12930.0,34.0,4.0,416.0,1030.0,45.0,810.0,11.0,68.0,8.0,32.0,327.0,0.0,4.0,10069.0,5345.0,1.0,0.0,34.0,17.0,4.0,154.0,85.0,282.0,3362.0,33.0,20.0,6.0,9.0,13.0,9.0,3.0,2.0,155.0,10626.0,2369.0,49.0,487.0,167.0,4.0,5520.0,49.0,407.0,155.0,4.0,11.0,0.0,144.0,51.0,507.0,4958.0,1989.0,5.0,2924.0,4.0,48.0,41.0,421.0,1016.0,71.0,1.0,1208.0,624.0,1.0,0.0,76.0,26.0,34.0,13823.0,40.0,136.0,158.0,17.0,2.0,214.0,9491.0,378.0,1066.0,40.0,3.0,91.0,3089.0,7.0,6.0,109.0,118.0,214.0,1710.0,0.0,24.0,402.0,4.0,2011.0,9491.0,8.0,1634.0,240.0,85.0,3.0,46.0,2016.0,-0.1,0.17,0.28,0.32
14,153.0,12.0,364.0,9.0,1240.0,4.0,116.0,108.0,449.0,481.0,655.0,22.0,50.0,467.0,245.0,12961.0,34.0,3.0,438.0,1064.0,52.0,711.0,12.0,73.0,6.0,28.0,305.0,0.0,5.0,10396.0,4965.0,1.0,0.0,33.0,17.0,4.0,152.0,99.0,318.0,3362.0,31.0,19.0,8.0,8.0,11.0,11.0,3.0,2.0,167.0,11044.0,2493.0,55.0,452.0,172.0,5.0,6041.0,50.0,458.0,167.0,4.0,11.0,0.0,156.0,56.0,455.0,4732.0,2008.0,5.0,2712.0,3.0,48.0,44.0,481.0,938.0,72.0,2.0,1225.0,566.0,1.0,0.0,79.0,23.0,34.0,13962.0,43.0,163.0,157.0,17.0,2.0,271.0,9981.0,381.0,991.0,50.0,3.0,79.0,2857.0,9.0,9.0,101.0,107.0,271.0,1679.0,0.0,27.0,449.0,5.0,1844.0,9981.0,7.0,1657.0,228.0,78.0,3.0,49.0,2016.0,0.01,0.25,0.22,0.38
16,137.0,12.0,330.0,9.0,1211.0,5.0,87.0,105.0,467.0,470.0,683.0,25.0,52.0,463.0,216.0,12144.0,34.0,4.0,434.0,983.0,45.0,808.0,12.0,69.0,7.0,28.0,319.0,0.0,4.0,9432.0,5131.0,1.0,0.0,35.0,17.0,5.0,143.0,95.0,266.0,3274.0,35.0,19.0,5.0,9.0,13.0,13.0,3.0,1.0,154.0,9980.0,2436.0,42.0,491.0,186.0,6.0,5065.0,49.0,457.0,154.0,5.0,10.0,0.0,151.0,59.0,442.0,4772.0,1938.0,6.0,2776.0,4.0,47.0,41.0,471.0,894.0,69.0,0.0,1236.0,545.0,0.0,1.0,77.0,22.0,34.0,12967.0,37.0,146.0,166.0,17.0,2.0,231.0,8922.0,381.0,963.0,36.0,3.0,85.0,2897.0,8.0,8.0,123.0,101.0,231.0,1646.0,1.0,21.0,419.0,6.0,1781.0,8922.0,7.0,1594.0,211.0,70.0,4.0,47.0,2016.0,-0.1,0.19,0.23,0.24
18,177.0,12.0,324.0,9.0,1138.0,4.0,100.0,106.0,437.0,469.0,637.0,24.0,43.0,564.0,223.0,12541.0,34.0,2.0,417.0,962.0,45.0,682.0,12.0,69.0,6.0,23.0,340.0,0.0,5.0,9854.0,5255.0,1.0,0.0,34.0,17.0,4.0,152.0,97.0,299.0,3266.0,29.0,17.0,7.0,9.0,14.0,11.0,4.0,1.0,169.0,11030.0,2274.0,47.0,427.0,165.0,5.0,5650.0,45.0,407.0,169.0,5.0,11.0,0.0,148.0,58.0,415.0,4782.0,1955.0,6.0,2835.0,4.0,49.0,40.0,454.0,894.0,70.0,1.0,1167.0,596.0,1.0,0.0,77.0,26.0,34.0,14039.0,39.0,104.0,147.0,17.0,3.0,225.0,9641.0,352.0,1012.0,43.0,3.0,96.0,2939.0,9.0,5.0,94.0,100.0,225.0,1652.0,1.0,25.0,450.0,5.0,1713.0,9641.0,8.0,1569.0,242.0,59.0,3.0,42.0,2016.0,0.04,0.23,0.18,0.34
19,140.0,10.0,315.0,8.0,1184.0,5.0,104.0,111.0,471.0,441.0,678.0,23.0,43.0,478.0,326.0,13782.0,34.0,4.0,424.0,1127.0,46.0,659.0,14.0,73.0,7.0,34.0,320.0,0.0,4.0,10941.0,5828.0,1.0,0.0,36.0,17.0,4.0,135.0,89.0,304.0,3221.0,23.0,19.0,8.0,8.0,12.0,12.0,4.0,2.0,163.0,12085.0,2406.0,43.0,420.0,162.0,5.0,6275.0,45.0,409.0,163.0,4.0,10.0,0.0,159.0,64.0,414.0,4768.0,1919.0,6.0,2688.0,3.0,54.0,39.0,434.0,854.0,71.0,1.0,1191.0,724.0,1.0,1.0,80.0,24.0,34.0,14895.0,38.0,90.0,139.0,17.0,3.0,220.0,10958.0,382.0,1098.0,43.0,3.0,76.0,2940.0,10.0,7.0,87.0,99.0,220.0,1623.0,1.0,29.0,436.0,5.0,1970.0,10958.0,10.0,1569.0,215.0,70.0,4.0,50.0,2016.0,0.06,0.24,0.19,0.5
20,124.0,13.0,273.0,9.0,1258.0,3.0,91.0,94.0,449.0,420.0,677.0,23.0,49.0,370.0,205.0,12700.0,34.0,4.0,413.0,1033.0,48.0,671.0,14.0,68.0,7.0,20.0,330.0,0.0,5.0,9807.0,5215.0,1.0,0.0,35.0,17.0,5.0,134.0,89.0,292.0,3442.0,18.0,18.0,7.0,8.0,10.0,11.0,3.0,2.0,169.0,10335.0,2495.0,47.0,433.0,166.0,5.0,5251.0,44.0,433.0,169.0,3.0,11.0,0.0,148.0,54.0,454.0,4768.0,1885.0,5.0,2708.0,3.0,49.0,36.0,389.0,874.0,72.0,1.0,1221.0,622.0,1.0,1.0,77.0,24.0,34.0,13495.0,43.0,160.0,125.0,17.0,2.0,264.0,9264.0,394.0,1012.0,45.0,4.0,78.0,2903.0,10.0,7.0,99.0,97.0,264.0,1671.0,1.0,28.0,430.0,5.0,1946.0,9264.0,9.0,1758.0,238.0,72.0,3.0,52.0,2016.0,0.13,0.21,0.17,0.29
21,143.0,12.0,316.0,9.0,1202.0,4.0,95.0,117.0,435.0,398.0,716.0,23.0,49.0,451.0,332.0,14199.0,34.0,2.0,359.0,1030.0,49.0,586.0,10.0,71.0,8.0,34.0,328.0,0.0,4.0,11248.0,5684.0,1.0,0.0,35.0,17.0,4.0,135.0,91.0,275.0,3192.0,24.0,27.0,7.0,10.0,15.0,13.0,3.0,2.0,165.0,11798.0,2338.0,44.0,463.0,175.0,6.0,6228.0,58.0,439.0,165.0,3.0,10.0,0.0,152.0,54.0,411.0,4776.0,2011.0,4.0,2702.0,5.0,50.0,49.0,453.0,819.0,71.0,1.0,1154.0,600.0,1.0,1.0,78.0,23.0,34.0,15077.0,39.0,134.0,130.0,17.0,1.0,240.0,10623.0,401.0,992.0,42.0,4.0,89.0,3001.0,7.0,9.0,100.0,109.0,240.0,1565.0,1.0,28.0,439.0,6.0,1972.0,10623.0,5.0,1619.0,240.0,67.0,2.0,36.0,2016.0,-0.33,0.24,0.19,0.47
22,217.5,7.5,410.5,8.5,1154.0,2.0,90.0,114.0,505.0,447.0,644.0,34.5,53.5,603.0,391.0,5692.0,34.0,3.0,444.5,1062.5,29.5,914.0,7.5,69.5,4.0,45.5,345.0,0.0,5.0,4229.0,4778.5,0.0,0.0,32.0,17.0,3.5,179.5,85.5,254.0,3199.5,35.0,10.5,6.5,8.5,18.5,7.0,5.5,5.0,151.0,10314.0,2348.0,45.0,470.5,112.5,3.0,5718.0,59.5,503.5,151.0,3.0,9.0,0.0,115.5,59.5,372.5,5193.0,1991.0,4.5,2771.0,8.5,47.5,50.5,529.0,819.5,82.0,1.5,1194.0,663.5,0.5,0.5,77.0,26.0,34.0,13262.5,25.5,136.0,143.5,17.0,4.0,176.0,9238.5,372.0,917.0,25.0,3.5,121.0,2948.5,5.0,9.0,102.0,111.0,176.0,1654.0,0.5,15.0,365.0,3.0,1958.0,9238.5,6.5,1530.5,182.0,54.0,7.0,31.5,2012.5,-0.8,0.0,0.31,0.13
23,149.0,12.0,386.0,7.0,1212.0,3.0,109.0,98.0,534.0,457.0,763.0,20.0,48.0,446.0,261.0,15145.0,34.0,5.0,357.0,1087.0,51.0,610.0,15.0,74.0,6.0,29.0,309.0,0.0,4.0,12271.0,6190.0,1.0,0.0,32.0,17.0,3.0,169.0,96.0,292.0,3313.0,25.0,22.0,9.0,8.0,10.0,11.0,4.0,1.0,169.0,12899.0,2393.0,54.0,431.0,163.0,4.0,6997.0,39.0,468.0,169.0,3.0,11.0,0.0,144.0,54.0,471.0,4855.0,2033.0,4.0,2787.0,4.0,52.0,32.0,525.0,929.0,72.0,0.0,1151.0,619.0,2.0,0.0,81.0,25.0,34.0,16032.0,46.0,149.0,129.0,17.0,2.0,243.0,11709.0,411.0,897.0,50.0,2.0,115.0,3022.0,10.0,6.0,102.0,102.0,243.0,1602.0,1.0,24.0,431.0,4.0,2021.0,11709.0,10.0,1683.0,210.0,66.0,2.0,53.0,2016.0,0.37,0.22,0.22,0.62
24,203.0,10.0,312.0,9.0,1205.0,5.0,100.0,99.0,466.0,494.0,701.0,30.0,43.0,536.0,229.0,12007.0,34.0,4.0,413.0,951.0,50.0,695.0,11.0,69.0,6.0,31.0,292.0,0.0,4.0,9267.0,4662.0,1.0,0.0,35.0,17.0,4.0,150.0,99.0,280.0,3432.0,30.0,17.0,7.0,8.0,12.0,10.0,4.0,4.0,173.0,9898.0,2428.0,54.0,424.0,177.0,7.0,5378.0,47.0,464.0,173.0,4.0,11.0,0.0,150.0,57.0,511.0,5060.0,2118.0,6.0,2731.0,4.0,48.0,42.0,455.0,1017.0,72.0,1.0,1193.0,588.0,1.0,0.0,76.0,25.0,34.0,13361.0,42.0,185.0,131.0,17.0,2.0,228.0,8864.0,368.0,1039.0,46.0,4.0,89.0,3018.0,8.0,5.0,100.0,100.0,228.0,1690.0,1.0,31.0,450.0,7.0,1999.0,8864.0,10.0,1716.0,226.0,76.0,4.0,46.0,2016.0,0.07,0.23,0.2,0.23
15,138.0,9.5,275.5,6.0,1256.5,5.0,95.0,105.0,557.0,394.0,732.0,29.0,52.0,430.5,270.0,13058.0,34.0,3.5,420.0,1149.0,47.5,652.5,12.0,70.5,6.5,29.0,344.5,0.0,3.5,10461.5,5935.5,0.0,0.0,35.0,17.0,3.0,127.5,87.5,277.5,3314.5,22.0,17.5,4.5,10.0,16.0,8.5,3.0,3.0,156.0,11159.0,2504.5,40.5,437.5,166.0,6.0,5372.0,52.5,469.5,156.0,6.0,11.0,0.0,152.5,65.0,379.0,4657.0,2119.5,6.5,2558.0,4.5,48.0,45.0,390.5,773.5,73.5,1.0,1240.5,597.0,0.5,0.0,79.0,24.5,34.0,14044.5,40.0,106.5,126.5,17.0,3.0,269.0,10014.0,380.5,1026.0,43.0,3.0,76.5,2868.5,9.5,7.5,95.5,105.5,269.0,1666.0,0.5,33.5,421.5,6.0,1809.5,10014.0,8.0,1659.5,262.5,71.5,4.0,43.5,2016.5,-0.17,0.21,0.25,0.39
26,146.0,10.0,324.0,9.0,1260.0,4.0,94.0,117.0,444.0,380.0,714.0,19.0,45.0,410.0,156.0,13787.0,34.0,3.0,395.0,1022.0,44.0,613.0,10.0,74.0,5.0,22.0,327.0,1.0,4.0,11163.0,5894.0,1.0,0.0,33.0,17.0,5.0,136.0,88.0,273.0,3253.0,21.0,19.0,9.0,7.0,14.0,9.0,4.0,2.0,164.0,11873.0,2435.0,48.0,434.0,188.0,5.0,6150.0,56.0,427.0,164.0,4.0,11.0,0.0,142.0,69.0,389.0,4539.0,1880.0,6.0,2542.0,5.0,50.0,50.0,447.0,769.0,64.0,1.0,1260.0,580.0,2.0,1.0,81.0,23.0,34.0,14669.0,39.0,113.0,125.0,17.0,4.0,238.0,10984.0,450.0,1021.0,45.0,3.0,81.0,2754.0,7.0,8.0,93.0,113.0,238.0,1640.0,1.0,21.0,408.0,5.0,1739.0,10984.0,7.0,1652.0,239.0,51.0,3.0,41.0,2018.0,-0.37,0.18,0.21,0.5
28,146.0,17.0,276.0,9.0,1286.0,5.0,109.0,96.0,449.0,395.0,912.0,25.0,47.0,468.0,216.0,15556.0,34.0,6.0,447.0,1126.0,57.0,664.0,16.0,72.0,6.0,28.0,336.0,0.0,4.0,13105.0,7727.0,1.0,0.0,37.0,17.0,5.0,124.0,80.0,317.0,3496.0,14.0,19.0,6.0,8.0,10.0,13.0,2.0,3.0,178.0,13735.0,2600.0,51.0,420.0,206.0,7.0,6033.0,43.0,439.0,178.0,4.0,11.0,0.0,176.0,75.0,396.0,5006.0,2143.0,4.0,2594.0,3.0,55.0,38.0,378.0,789.0,67.0,1.0,1336.0,626.0,1.0,0.0,81.0,25.0,34.0,16502.0,50.0,100.0,85.0,17.0,1.0,292.0,12850.0,409.0,1105.0,56.0,2.0,76.0,3219.0,10.0,6.0,95.0,99.0,292.0,1708.0,1.0,30.0,482.0,7.0,2086.0,12850.0,8.0,1768.0,239.0,68.0,2.0,55.0,2018.0,0.36,0.35,0.17,0.74
27,116.0,10.0,314.0,6.0,1261.0,3.0,95.0,122.0,432.0,467.0,779.0,22.0,60.0,418.0,118.0,13133.0,34.0,5.0,390.0,911.0,48.0,698.0,11.0,72.0,7.0,23.0,348.0,0.0,2.0,10484.0,5477.0,0.0,0.0,34.0,17.0,5.0,138.0,100.0,279.0,3342.0,11.0,12.0,6.0,10.0,14.0,11.0,3.0,0.0,159.0,11054.0,2523.0,39.0,496.0,193.0,4.0,5853.0,51.0,377.0,159.0,4.0,11.0,0.0,141.0,67.0,435.0,4728.0,2124.0,5.0,2615.0,4.0,46.0,48.0,440.0,922.0,63.0,1.0,1241.0,565.0,2.0,1.0,79.0,22.0,34.0,13930.0,42.0,127.0,143.0,17.0,2.0,337.0,10137.0,348.0,1008.0,42.0,2.0,85.0,2862.0,8.0,6.0,121.0,121.0,337.0,1746.0,2.0,28.0,421.0,4.0,1854.0,10137.0,5.0,1629.0,263.0,69.0,2.0,41.0,2019.0,-0.11,0.19,0.26,0.39
29,107.0,15.0,306.0,10.0,1271.0,4.0,101.0,97.0,319.0,348.0,807.0,25.0,40.0,351.0,165.0,15640.0,34.0,4.0,387.0,1150.0,66.0,566.0,15.0,78.0,8.0,25.0,363.0,2.0,5.0,13170.0,6686.0,1.0,0.0,38.0,17.0,4.0,134.0,98.0,342.0,3166.0,20.0,18.0,12.0,6.0,9.0,10.0,3.0,1.0,173.0,13817.0,2471.0,53.0,401.0,203.0,4.0,7051.0,44.0,310.0,173.0,5.0,13.0,0.0,179.0,63.0,365.0,4348.0,2034.0,5.0,2380.0,3.0,56.0,39.0,434.0,706.0,59.0,1.0,1218.0,564.0,2.0,0.0,83.0,25.0,34.0,16466.0,56.0,62.0,82.0,17.0,2.0,344.0,12667.0,390.0,942.0,63.0,3.0,96.0,2721.0,11.0,5.0,103.0,89.0,344.0,1563.0,1.0,34.0,509.0,4.0,1824.0,12667.0,8.0,1629.0,254.0,64.0,3.0,55.0,2019.0,0.52,0.38,0.04,0.74
31,84.0,29.0,252.5,9.0,1375.5,6.0,122.0,91.5,337.5,374.5,680.0,22.5,39.0,301.5,133.0,15043.5,34.0,7.5,419.5,823.0,67.0,514.0,18.5,77.0,8.5,15.0,338.5,0.0,4.0,12494.0,6272.0,1.5,0.0,37.0,17.0,3.0,122.0,118.5,355.0,3577.0,21.0,30.5,6.0,6.5,9.0,15.5,1.5,1.0,206.0,13127.5,2745.0,53.0,364.0,217.5,8.0,6977.5,38.5,385.0,206.0,3.5,12.0,0.0,202.5,62.5,419.0,4565.0,2165.5,4.5,2444.5,1.5,52.5,34.0,395.0,793.5,62.5,1.5,1396.0,596.0,1.0,1.0,82.5,23.0,34.0,15843.5,57.5,70.5,72.0,17.0,1.0,365.5,12257.5,414.0,866.0,59.0,4.0,59.0,2768.5,11.5,4.5,86.5,87.0,365.5,1791.5,1.0,28.0,529.5,8.0,1881.0,12257.5,9.5,1794.5,322.5,56.5,4.0,62.0,2020.5,0.73,0.44,0.03,0.66
30,104.0,17.0,220.0,9.0,1211.0,4.0,100.0,115.0,346.0,434.0,799.0,22.0,41.0,335.0,131.0,13032.0,34.0,6.0,422.0,846.0,57.0,656.0,12.0,72.0,4.0,11.0,333.0,0.0,7.0,10245.0,5685.0,0.0,0.0,37.0,17.0,3.0,132.0,87.0,289.0,3369.0,20.0,15.0,6.0,4.0,9.0,10.0,4.0,0.0,152.0,10866.0,2467.0,44.0,458.0,192.0,5.0,5611.0,56.0,326.0,152.0,5.0,12.0,0.0,170.0,75.0,500.0,4616.0,2080.0,7.0,2476.0,5.0,46.0,47.0,337.0,888.0,62.0,1.0,1250.0,520.0,2.0,3.0,78.0,26.0,34.0,13915.0,52.0,105.0,122.0,17.0,2.0,286.0,9835.0,383.0,1029.0,48.0,2.0,72.0,2883.0,6.0,9.0,115.0,96.0,286.0,1638.0,2.0,31.0,438.0,5.0,1875.0,9835.0,6.0,1731.0,260.0,56.0,1.0,49.0,2022.0,-0.09,0.26,0.11,0.36
1406988,102.0,16.0,379.5,8.0,1076.5,4.5,87.5,115.5,286.5,468.5,807.0,16.0,49.0,344.0,119.5,14719.5,34.0,3.5,442.0,928.0,44.5,561.5,11.5,72.5,6.0,18.5,320.5,0.0,3.5,12028.5,7110.5,0.5,0.0,35.0,17.0,4.5,153.0,101.0,244.5,3191.5,21.5,16.0,7.0,10.0,14.5,11.0,1.0,1.5,175.0,12681.0,2289.5,45.0,429.5,181.5,4.5,5723.5,52.0,280.5,175.0,5.5,12.0,0.0,130.0,74.0,433.5,4561.5,2056.0,5.5,2575.5,4.5,53.0,44.0,507.0,902.0,60.5,1.5,1213.0,581.0,2.0,0.0,81.0,23.0,34.0,15556.5,38.5,90.0,72.5,17.0,1.0,247.5,11753.0,369.5,1098.5,45.5,1.5,98.5,2875.5,8.0,8.0,101.5,112.0,247.5,1681.5,0.0,19.5,365.0,4.5,1777.0,11753.0,7.5,1510.0,236.5,38.5,2.0,42.5,2022.5,-0.22,0.12,0.11,0.6
32,76.5,16.5,232.5,6.5,1204.0,5.0,95.0,123.5,331.5,347.5,886.0,16.0,46.0,290.5,110.0,14885.5,34.0,3.5,408.5,922.0,44.0,528.0,11.5,76.5,8.5,16.5,368.0,0.0,2.5,12396.5,6973.0,1.5,0.5,37.0,17.0,4.0,97.5,71.0,249.5,3065.5,29.5,15.0,4.5,11.0,16.0,10.5,4.0,2.5,132.5,13064.5,2426.0,29.0,466.5,245.0,5.5,6189.0,55.0,327.0,132.5,2.5,11.5,0.0,141.0,75.5,292.0,4164.5,2008.5,3.0,2100.0,5.0,51.0,49.5,323.5,639.5,56.5,2.0,1222.0,525.5,0.5,0.0,82.5,23.0,34.0,15727.0,35.5,52.0,83.5,17.0,2.0,284.5,12142.5,353.5,930.0,42.5,5.0,63.0,2662.5,8.0,5.5,109.5,114.0,284.5,1569.5,2.0,22.0,372.0,5.5,1732.5,12142.5,5.5,1496.0,243.5,64.5,2.0,41.0,2022.5,-0.33,0.14,0.13,0.65
33,97.5,9.0,326.0,10.5,1072.0,6.0,116.5,90.5,321.0,470.5,748.5,21.5,53.5,303.5,97.0,13079.0,34.0,5.5,382.0,991.5,45.5,573.5,13.0,71.0,3.0,8.5,336.0,0.0,5.5,10625.0,6408.0,0.5,0.5,34.0,17.0,5.0,154.0,113.0,269.5,3131.0,38.0,13.0,9.5,6.0,10.5,10.0,4.0,1.0,168.5,11198.0,2103.0,42.5,433.0,203.5,7.0,4944.0,36.5,284.0,168.5,6.0,10.5,0.0,142.5,72.0,557.5,4245.5,1924.0,7.0,2386.5,4.5,47.0,30.5,477.5,1028.0,57.5,0.5,1031.0,481.0,0.5,1.0,80.0,24.0,34.0,13855.5,42.5,146.5,101.0,17.0,1.0,226.0,10206.5,368.0,975.0,42.0,5.0,102.0,2657.5,7.5,6.0,114.0,106.5,226.0,1501.5,3.0,26.0,414.5,7.0,1682.5,10206.5,10.0,1629.5,186.0,75.0,2.0,49.5,2022.5,0.34,0.18,0.11,0.4
261248,46.5,10.0,371.0,8.5,1064.0,3.0,96.0,127.5,276.5,422.5,689.5,18.5,46.5,254.5,77.0,14103.0,34.0,5.5,380.0,965.5,57.0,555.0,13.0,75.0,6.5,11.5,357.0,0.0,3.5,11824.5,6948.5,1.0,0.0,34.0,17.0,5.0,147.5,86.5,254.5,3016.5,28.5,15.0,12.5,8.0,12.5,18.0,3.0,1.0,165.5,12449.0,2201.0,36.5,471.5,172.0,3.0,5648.0,52.0,250.0,165.5,4.0,13.5,0.0,142.5,64.5,393.0,4147.0,1781.5,5.0,2300.5,4.5,53.0,48.5,491.5,815.5,58.5,1.0,1137.0,488.0,1.0,1.0,83.0,23.0,34.0,14947.5,50.5,139.0,105.0,17.0,0.5,287.5,11483.5,358.0,974.5,65.0,3.0,100.0,2498.5,7.5,3.5,115.5,122.5,287.5,1559.5,2.5,33.5,411.5,3.0,1524.0,11483.5,7.0,1457.0,243.0,61.5,1.0,47.5,2022.5,0.05,0.19,0.14,0.57
2326207,82.0,15.0,322.0,5.0,1290.0,5.0,108.0,131.0,356.0,557.0,794.0,20.0,43.0,336.0,67.0,11209.0,34.0,6.0,481.0,739.0,62.0,676.0,17.0,66.0,7.0,19.0,308.0,0.0,3.0,8374.0,4277.0,2.0,1.0,37.0,17.0,2.0,134.0,94.0,282.0,3804.0,24.0,26.0,12.0,8.0,12.0,10.0,4.0,3.0,167.0,8904.0,2707.0,42.0,444.0,261.0,5.0,4761.0,45.0,382.0,167.0,7.0,13.0,0.0,173.0,77.0,540.0,4920.0,2272.0,7.0,2751.0,4.0,44.0,42.0,468.0,1097.0,59.0,2.0,1417.0,529.0,3.0,0.0,74.0,22.0,34.0,11981.0,55.0,163.0,112.0,17.0,1.0,302.0,8165.0,356.0,1054.0,49.0,6.0,79.0,3077.0,11.0,3.0,107.0,127.0,302.0,1974.0,3.0,31.0,460.0,5.0,2023.0,8165.0,8.0,1830.0,250.0,42.0,2.0,56.0,2023.0,0.4,0.27,0.23,0.12
